Description,Connection Time,Computation Time,Error,Ending Time
AzureStorageInstanceResponse,9243,0,false,22:24:23
AzureStorageInstanceResponse,847,0,false,22:24:24
AzureStorageInstanceResponse,1252,0,false,22:24:25
AzureStorageInstanceResponse,9470,0,false,22:24:23
AzureStorageInstanceResponse,1231,0,false,22:24:24
AzureStorageInstanceResponse,669,0,false,22:24:25
AzureStorageInstanceResponse,9364,0,false,22:24:23
AzureStorageInstanceResponse,1668,0,false,22:24:25
AzureStorageInstanceResponse,561,0,false,22:24:25
AzureStorageInstanceResponse,9255,0,false,22:24:23
AzureStorageInstanceResponse,869,0,false,22:24:24
AzureStorageInstanceResponse,1528,0,false,22:24:25
AzureStorageInstanceResponse,9604,0,false,22:24:23
AzureStorageInstanceResponse,1365,0,false,22:24:25
AzureStorageInstanceResponse,711,0,false,22:24:25
AzureStorageInstanceResponse,9712,0,false,22:24:23
AzureStorageInstanceResponse,1537,0,false,22:24:25
AzureStorageInstanceResponse,414,0,false,22:24:25
AzureStorageInstanceResponse,9678,0,false,22:24:23
AzureStorageInstanceResponse,1575,0,false,22:24:25
AzureStorageInstanceResponse,763,0,false,22:24:26
AzureStorageInstanceResponse,9817,0,false,22:24:24
AzureStorageInstanceResponse,1570,0,false,22:24:25
AzureStorageInstanceResponse,622,0,false,22:24:26
AzureStorageInstanceResponse,9326,0,false,22:24:23
AzureStorageInstanceResponse,1642,0,false,22:24:25
AzureStorageInstanceResponse,1049,0,false,22:24:26
AzureStorageInstanceResponse,9251,0,false,22:24:23
AzureStorageInstanceResponse,1668,0,false,22:24:25
AzureStorageInstanceResponse,1083,0,false,22:24:26
AzureStorageInstanceResponse,9202,0,false,22:24:23
AzureStorageInstanceResponse,2334,0,false,22:24:25
AzureStorageInstanceResponse,470,0,false,22:24:26
AzureStorageInstanceResponse,9360,0,false,22:24:23
AzureStorageInstanceResponse,1730,0,false,22:24:25
AzureStorageInstanceResponse,904,0,false,22:24:26
AzureStorageInstanceResponse,9823,0,false,22:24:24
AzureStorageInstanceResponse,1707,0,false,22:24:25
AzureStorageInstanceResponse,507,0,false,22:24:26
AzureStorageInstanceResponse,9816,0,false,22:24:24
AzureStorageInstanceResponse,1771,0,false,22:24:25
AzureStorageInstanceResponse,505,0,false,22:24:26
AzureStorageInstanceResponse,9423,0,false,22:24:23
AzureStorageInstanceResponse,2210,0,false,22:24:25
AzureStorageInstanceResponse,484,0,false,22:24:26
AzureStorageInstanceResponse,9808,0,false,22:24:24
AzureStorageInstanceResponse,1975,0,false,22:24:26
AzureStorageInstanceResponse,515,0,false,22:24:26
AzureStorageInstanceResponse,9930,0,false,22:24:24
AzureStorageInstanceResponse,1870,0,false,22:24:26
AzureStorageInstanceResponse,520,0,false,22:24:26
AzureStorageInstanceResponse,10090,0,false,22:24:24
AzureStorageInstanceResponse,1772,0,false,22:24:26
AzureStorageInstanceResponse,565,0,false,22:24:26
AzureStorageInstanceResponse,9789,0,false,22:24:24
AzureStorageInstanceResponse,2077,0,false,22:24:26
AzureStorageInstanceResponse,563,0,false,22:24:26
AzureStorageInstanceResponse,9830,0,false,22:24:24
AzureStorageInstanceResponse,2141,0,false,22:24:26
AzureStorageInstanceResponse,510,0,false,22:24:26
